p,n,m,instances,common_optimal,alic_optimal,prerna_optimal,median_time_alic_s,median_time_prerna_s,median_speedup_prerna_over_alic,median_calls_alic,median_calls_prerna
5,10,10,30,30,30,30,0.12966964999213815,0.09130035000271164,0.673068042395977,2.0,15.0
5,10,20,30,30,30,30,0.12286470003891736,0.03350415002205409,0.2725352718561551,2.0,14.0
5,10,30,30,30,30,30,0.17119280001497827,0.033526899991557,0.1980038245853385,2.0,13.0
5,10,50,30,30,30,30,0.3619988499849569,0.044590899953618646,0.10897497160138583,2.0,13.0
5,20,10,30,29,30,29,0.45923759997822344,0.4331252999836579,1.2010889681476662,2,31
5,20,20,30,30,30,30,0.6879350999952294,0.21931164999841712,0.27669802311099934,2.0,26.0
5,20,30,30,30,30,30,0.8938274499960244,0.18777155003044754,0.16608576152039417,2.0,23.0
5,20,50,30,30,30,30,1.8249487499706447,0.18932559998938814,0.1064298792338593,2.0,23.0
5,50,10,30,27,28,27,3.9087947999942116,1.4439842000138015,0.2977201590391401,2,63
5,50,20,30,29,30,29,2.593616900034249,0.2916739999782294,0.08796415378702889,2,55
5,50,30,30,30,30,30,3.283125799993286,0.30284049999318086,0.08409696927808441,2.0,55.0
5,50,50,30,30,30,30,0.04676389996893704,0.28980654999031685,6.789196251614204,2.0,53.0
10,10,10,30,30,30,30,0.08628119999775663,0.11784054999588989,1.1422109865425656,2.0,15.0
10,10,20,30,30,30,30,0.11757905001286417,0.03240744999493472,0.2934040670983669,2.0,13.0
10,10,30,30,30,30,30,0.16394725002464838,0.03286315003060736,0.20360672333339994,2.0,13.0
10,10,50,30,30,30,30,0.3370947499934118,0.03731110002263449,0.10803102147825198,2.0,13.0
10,20,10,30,30,30,30,0.24066084998776205,0.3184876999875996,1.3806253529099124,2.0,34.0
10,20,20,30,30,30,30,0.3271130000066478,0.10857594999833964,0.28926850951679617,2.0,25.0
10,20,30,30,30,30,30,0.45452644999022596,0.0719663500203751,0.15675467524945585,2.0,24.0
10,20,50,30,30,30,30,0.8214642499806359,0.0789068499871064,0.09623415026025048,2.0,24.0
10,50,10,30,26,30,26,2.0817242999910377,0.562941200012574,0.26906578908834133,2.0,58.0
10,50,20,30,29,30,29,2.6270593000226654,0.5428001999971457,0.2074471353932888,2,57
10,50,30,30,30,30,30,3.2484736500191502,0.29813449998619035,0.09011627724107377,2.0,55.0
10,50,50,30,30,30,30,0.05288355000084266,0.3181413000274915,6.7356013118664855,2.0,53.0
20,10,10,30,30,30,30,0.08896170000662096,0.05830090001109056,0.5466467126510384,2.0,15.0
20,10,20,30,30,30,30,0.1426285000052303,0.03869865002343431,0.27521179929409145,2.0,15.0
20,10,30,30,30,30,30,0.17547680001007393,0.03531740000471473,0.20240840980955693,2.0,13.0
20,10,50,30,30,30,30,0.4454087499761954,0.047092649998376146,0.11913781076733257,2.0,13.0
20,20,10,30,29,30,29,0.30610509996768087,0.2783422999782488,1.1087961969957436,2,31
20,20,20,30,30,30,30,0.3929501000093296,0.13282050000270829,0.3183577649518195,2.0,23.0
20,20,30,30,30,30,30,0.4816812499775551,0.07663784999749623,0.1522080123943649,2.0,23.0
20,20,50,30,30,30,30,0.852661300014006,0.08184925001114607,0.09477145597251971,2.0,23.0
20,50,10,30,28,30,28,2.163332750002155,0.6088176499761175,0.28669604114952707,2.0,60.0
20,50,20,30,29,30,29,2.922017299977597,0.6696154000237584,0.20084986560655965,2,57
20,50,30,30,30,30,30,3.244087400002172,0.26008015000843443,0.07785050511310423,2.0,55.0
20,50,50,30,30,30,30,0.054121449997182935,0.30822385000647046,6.516473779477492,2.0,53.0
50,10,10,30,30,30,30,0.10055979999015108,0.17294574997504242,1.574923069195461,2.0,17.0
50,10,20,30,30,30,30,0.14581874999566935,0.0468873500067275,0.29748814475402974,2.0,15.0
50,10,30,30,30,30,30,0.2017127999861259,0.04343900000094436,0.20619541550233386,2.0,13.0
50,10,50,30,30,30,30,0.3727427000121679,0.0479048999841325,0.11839583074765445,2.0,13.0
50,20,10,30,29,30,29,0.24089529999764636,0.27433029998792335,0.9479522649820308,2,27
50,20,20,30,30,30,30,0.4073661500005983,0.17925949997152202,0.4670236482439337,2.0,25.0
50,20,30,30,30,30,30,0.5146141499863006,0.09950305003440008,0.1813138216361121,2.0,23.0
50,20,50,30,30,30,30,0.8780581000028178,0.08903469998040237,0.10243657353777544,2.0,23.0
50,50,10,30,26,30,26,2.269888799986802,0.7465649499790743,0.3211840364199974,2.0,62.0
50,50,20,30,30,30,30,2.6664339499839116,0.6120171000075061,0.17891601449664618,2.0,55.5
50,50,30,30,30,30,30,3.268874799978221,0.44936075000441633,0.12446861648678892,2.0,55.0
50,50,50,30,30,30,30,0.06205349997617304,0.45351659998414107,7.028548012346334,2.0,55.0
