metric,value
paired_instances,1440
common_optimal,1421
objective_agreement,1421
decision_vector_agreement,1419
alic_optimal,1438
prerna_optimal,1421
alic_only_optimal,17
prerna_only_optimal,0
both_nonoptimal,2
median_runtime_alic_s,0.43322969996370375
median_runtime_prerna_s,0.16815700003644451
mean_runtime_alic_s,1.3139902871214086
mean_runtime_prerna_s,2.9685383516534696
max_common_runtime_alic_s,99.49301659996854
max_common_runtime_prerna_s,283.2939261000138
median_speedup_prerna_over_alic,0.23664373377368084
median_calls_alic,2
median_calls_prerna,25
mean_calls_alic,2.1175228712174525
mean_calls_prerna,44.97466572836031
median_call_ratio_prerna_over_alic,12.5
par2_mean_alic_s,2.586588800694153
par2_mean_prerna_s,10.846036803958041
wilcoxon_runtime_p,4.38899460371675e-78
runtime_rank_biserial,-0.5729102640619758
permutation_log_speedup_p,9.99990000099999e-06
wilcoxon_calls_p,1.4895977387751822e-234
calls_rank_biserial,1.0
mcnemar_exact_p,1.52587890625e-05
bayes_prerna_better,0.7860003361480282
bayes_equivalent_10pct,0.04277810645139928
bayes_alic_better,0.17122155740057243
